company,ticker,cik,event_filing_date,event_type,person_name,title,effective_date,earnings_filing_date,period,revenue_reported,eps_diluted,net_income,days_to_nearest_earnings,event_timing
Apple Inc.,AAPL,0000320193,2026-04-20,departure,Tim Cook,Chief Executive Officer,2026-09-01,2026-04-30,fiscal 2026 second quarter,111184,2.01,29578,10,before earnings
Apple Inc.,AAPL,0000320193,2026-04-20,appointment,John Ternus,Chief Executive Officer,NOT_FOUND,2026-04-30,fiscal 2026 second quarter,111184,2.01,29578,10,before earnings
Apple Inc.,AAPL,0000320193,2026-01-02,appointment,Ben Borders,Principal Accounting Officer,2026-01-01,2026-01-29,fiscal 2026 first quarter,143756,2.84,42097,27,before earnings
Apple Inc.,AAPL,0000320193,2025-12-05,appointment,Jennifer Newstead,NOT_FOUND,NOT_FOUND,2025-10-30,fiscal 2025 fourth quarter,102466,1.85,27466,36,after earnings
Apple Inc.,AAPL,0000320193,2025-12-05,departure,Kate Adams,NOT_FOUND,NOT_FOUND,2025-10-30,fiscal 2025 fourth quarter,102466,1.85,27466,36,after earnings
Microsoft Corporation,MSFT,0000789019,2026-06-05,departure,Reid Hoffman,Member of the Board of Directors of Microsoft Corporation,NOT_FOUND,2026-04-29,"quarter ended March 31, 2026",82886,4.27,31800,37,after earnings
Microsoft Corporation,MSFT,0000789019,2026-05-14,appointment,Carmine Di Sibio,NOT_FOUND,2026-05-13,2026-04-29,"quarter ended March 31, 2026",82886,4.27,31800,15,after earnings
Microsoft Corporation,MSFT,0000789019,2025-12-08,NOT_FOUND,NOT_FOUND,NOT_FOUND,NOT_FOUND,2025-10-29,"quarter ended September 30, 2025",77673,3.72,27747,40,after earnings
Microsoft Corporation,MSFT,0000789019,2025-09-30,departure,Carlos A. Rodriguez,Member of the Board of Directors of Microsoft Corporation,NOT_FOUND,2025-10-29,"quarter ended September 30, 2025",77673,3.72,27747,29,before earnings
NVIDIA Corporation,NVDA,0001045810,2026-07-02,departure,Worldwide Field Operations,Executive Vice President,NOT_FOUND,2026-05-20,First Quarter Fiscal 2027,81600,2.39,58321,43,after earnings
NVIDIA Corporation,NVDA,0001045810,2026-07-02,appointment,Nicholas Parker,Executive Vice President,NOT_FOUND,2026-05-20,First Quarter Fiscal 2027,81600,2.39,58321,43,after earnings
NVIDIA Corporation,NVDA,0001045810,2026-05-08,appointment,Suzanne Nora Johnson,Director,2026-07-13,2026-05-20,First Quarter Fiscal 2027,81600,2.39,58321,12,before earnings
NVIDIA Corporation,NVDA,0001045810,2026-05-08,appointment,Nora Johnson,Director,2026-07-13,2026-05-20,First Quarter Fiscal 2027,81600,2.39,58321,12,before earnings
NVIDIA Corporation,NVDA,0001045810,2026-04-27,departure,Donald Robertson,Vice President,2026-05-04,2026-05-20,First Quarter Fiscal 2027,81600,2.39,58321,23,before earnings
NVIDIA Corporation,NVDA,0001045810,2026-04-27,appointment,Scott Gawel,NOT_FOUND,2026-05-04,2026-05-20,First Quarter Fiscal 2027,81600,2.39,58321,23,before earnings
NVIDIA Corporation,NVDA,0001045810,2026-03-06,NOT_FOUND,NOT_FOUND,NOT_FOUND,NOT_FOUND,2026-02-25,"quarter ended January 25, 2026",68100,1.76,42960,9,after earnings
NVIDIA Corporation,NVDA,0001045810,2026-01-23,departure,Persis Drell,Director,2026-01-20,2026-02-25,"quarter ended January 25, 2026",68100,1.76,42960,33,before earnings
JPMorgan Chase & Co.,JPM,0000019617,2026-06-25,appointment,Troy Rohrbaugh,President,2026-06-25,2026-07-14,SECOND QUARTER 2026,57347,7.7,21200,19,before earnings
JPMorgan Chase & Co.,JPM,0000019617,2026-06-25,appointment,Messrs. Petno,President,2026-06-25,2026-07-14,SECOND QUARTER 2026,57347,7.7,21200,19,before earnings
JPMorgan Chase & Co.,JPM,0000019617,2026-06-25,departure,Marianne Lake,NOT_FOUND,NOT_FOUND,2026-07-14,SECOND QUARTER 2026,57347,7.7,21200,19,before earnings
JPMorgan Chase & Co.,JPM,0000019617,2026-01-22,NOT_FOUND,NOT_FOUND,NOT_FOUND,NOT_FOUND,2026-01-13,FOURTH QUARTER 2025,45798,4.63,13000,9,after earnings
JPMorgan Chase & Co.,JPM,0000019617,2025-12-08,departure,Todd A. Combs,Director,2025-12-07,2026-01-13,FOURTH QUARTER 2025,45798,4.63,13000,36,before earnings
Walmart Inc.,WMT,0000104169,2026-01-16,both,David Guggina,President and Chief Executive Officer of Walmart Inc,2026-02-01,2026-02-19,Q4 FY26,190656,0.53,4237,34,before earnings
Walmart Inc.,WMT,0000104169,2026-01-16,appointment,John Furner,President and Chief Executive Officer of Walmart Inc,2025-11-14,2026-02-19,Q4 FY26,190656,0.53,4237,34,before earnings
Walmart Inc.,WMT,0000104169,2026-01-16,departure,Kathryn McLay,"Executive Vice President, President and Chief Executive Officer",NOT_FOUND,2026-02-19,Q4 FY26,190656,0.53,4237,34,before earnings
Walmart Inc.,WMT,0000104169,2026-01-16,appointment,Christopher Nicholas,Senior Vice President and Deputy Chief Financial Officer,NOT_FOUND,2026-02-19,Q4 FY26,190656,0.53,4237,34,before earnings
Walmart Inc.,WMT,0000104169,2026-01-16,both,Latriece Watkins,Executive Vice President and Chief Merchandising Officer,NOT_FOUND,2026-02-19,Q4 FY26,190656,0.53,4237,34,before earnings
Walmart Inc.,WMT,0000104169,2026-01-16,departure,Non-Competition Agreements,NOT_FOUND,NOT_FOUND,2026-02-19,Q4 FY26,190656,0.53,4237,34,before earnings
Walmart Inc.,WMT,0000104169,2026-01-08,appointment,Shishir Mehrotra,Director,2026-01-08,2026-02-19,Q4 FY26,190656,0.53,4237,42,before earnings
Walmart Inc.,WMT,0000104169,2025-11-14,departure,C. Douglas McMillon,NOT_FOUND,2026-01-31,2025-11-20,Q3 FY26,179496,0.77,6143,6,same week
Walmart Inc.,WMT,0000104169,2025-11-14,both,John R. Furner,Director,2026-02-01,2025-11-20,Q3 FY26,179496,0.77,6143,6,same week
Walmart Inc.,WMT,0000104169,2025-10-22,both,Dwayne Milum,Senior Vice President and Controller of Walmart Inc,2026-02-01,2025-11-20,Q3 FY26,179496,0.77,6143,29,before earnings
